Run Date,Account,Account Number,Action,Symbol,Description,Type,Exchange Quantity,Exchange Currency,Currency,Price,Quantity,Exchange Rate,Commission,Fees,Accrued Interest,Amount,Settlement Date
09/25/2026,Brokerage,X00000001,DIVIDEND RECEIVED VANGUARD S&P 500 ETF (VOO) (Cash),VOO,VANGUARD S&P 500 ETF,Cash,0,,USD,,,0,,,,33.82,09/25/2026
09/25/2026,Brokerage,X00000001,DIVIDEND RECEIVED INVESCO NASDAQ 100 ETF (QQQM) (Cash),QQQM,INVESCO NASDAQ 100 ETF,Cash,0,,USD,,,0,,,,6.51,09/25/2026
09/25/2026,Brokerage,X00000001,DIVIDEND RECEIVED JPMORGAN CHASE & CO (JPM) (Cash),JPM,JPMORGAN CHASE & CO,Cash,0,,USD,,,0,,,,4.72,09/25/2026
09/25/2026,Brokerage,X00000001,DIVIDEND RECEIVED EXXON MOBIL CORP (XOM) (Cash),XOM,EXXON MOBIL CORP,Cash,0,,USD,,,0,,,,7.88,09/25/2026
09/03/2026,Roth IRA,X00000002,YOU BOUGHT VANGUARD TOTAL STOCK MARKET ETF (VTI) (Cash),VTI,VANGUARD TOTAL STOCK MARKET ETF,Cash,0,,USD,380.93,1.509,0,,,,-574.82,09/03/2026
09/01/2026,Roth IRA,X00000002,Electronic Funds Transfer Received (Cash),,No Description,Cash,0,,USD,,,0,,,,583,09/01/2026
08/13/2026,Brokerage,X00000001,YOU BOUGHT COSTCO WHOLESALE CORP (COST) (Cash),COST,COSTCO WHOLESALE CORP,Cash,0,,USD,961.85,0.936,0,,,,-900.29,08/13/2026
08/07/2026,Brokerage,X00000001,YOU BOUGHT JPMORGAN CHASE & CO (JPM) (Cash),JPM,JPMORGAN CHASE & CO,Cash,0,,USD,357.52,3.776,0,,,,-1350.0,08/07/2026
08/05/2026,Roth IRA,X00000002,YOU BOUGHT VANGUARD TOTAL STOCK MARKET ETF (VTI) (Cash),VTI,VANGUARD TOTAL STOCK MARKET ETF,Cash,0,,USD,379.65,1.515,0,,,,-575.17,08/05/2026
08/03/2026,Brokerage,X00000001,Electronic Funds Transfer Received (Cash),,No Description,Cash,0,,USD,,,0,,,,3000,08/03/2026
08/03/2026,Roth IRA,X00000002,Electronic Funds Transfer Received (Cash),,No Description,Cash,0,,USD,,,0,,,,583,08/03/2026
07/20/2026,Brokerage,X00000001,YOU BOUGHT INVESCO NASDAQ 100 ETF (QQQM) (Cash),QQQM,INVESCO NASDAQ 100 ETF,Cash,0,,USD,286.58,3.14,0,,,,-899.86,07/20/2026
07/16/2026,Brokerage,X00000001,YOU BOUGHT ALPHABET INC CLASS A (GOOGL) (Cash),GOOGL,ALPHABET INC CLASS A,Cash,0,,USD,354.46,5.078,0,,,,-1799.95,07/16/2026
07/15/2026,Brokerage,X00000001,YOU BOUGHT INVESCO NASDAQ 100 ETF (QQQM) (Cash),QQQM,INVESCO NASDAQ 100 ETF,Cash,0,,USD,295.56,4.06,0,,,,-1199.97,07/15/2026
07/03/2026,Roth IRA,X00000002,YOU BOUGHT VANGUARD TOTAL STOCK MARKET ETF (VTI) (Cash),VTI,VANGUARD TOTAL STOCK MARKET ETF,Cash,0,,USD,371.67,1.547,0,,,,-574.97,07/03/2026
07/01/2026,Brokerage,X00000001,Electronic Funds Transfer Received (Cash),,No Description,Cash,0,,USD,,,0,,,,4000,07/01/2026
07/01/2026,Roth IRA,X00000002,Electronic Funds Transfer Received (Cash),,No Description,Cash,0,,USD,,,0,,,,583,07/01/2026
06/25/2026,Brokerage,X00000001,DIVIDEND RECEIVED VANGUARD S&P 500 ETF (VOO) (Cash),VOO,VANGUARD S&P 500 ETF,Cash,0,,USD,,,0,,,,33.82,06/25/2026
06/25/2026,Brokerage,X00000001,DIVIDEND RECEIVED INVESCO NASDAQ 100 ETF (QQQM) (Cash),QQQM,INVESCO NASDAQ 100 ETF,Cash,0,,USD,,,0,,,,4.35,06/25/2026
06/25/2026,Brokerage,X00000001,DIVIDEND RECEIVED EXXON MOBIL CORP (XOM) (Cash),XOM,EXXON MOBIL CORP,Cash,0,,USD,,,0,,,,7.88,06/25/2026
06/19/2026,Brokerage,X00000001,YOU BOUGHT AMAZON.COM INC (AMZN) (Cash),AMZN,AMAZON.COM INC,Cash,0,,USD,232.79,1.45,0,,,,-337.55,06/19/2026
06/16/2026,Brokerage,X00000001,YOU BOUGHT VANGUARD S&P 500 ETF (VOO) (Cash),VOO,VANGUARD S&P 500 ETF,Cash,0,,USD,689.75,0.979,0,,,,-675.27,06/16/2026
06/11/2026,Brokerage,X00000001,YOU SOLD BROADCOM INC (AVGO) (Cash),AVGO,BROADCOM INC,Cash,0,,USD,385.57,-2.377,0,,,,916.5,06/11/2026
06/03/2026,Brokerage,X00000001,YOU BOUGHT VANGUARD S&P 500 ETF (VOO) (Cash),VOO,VANGUARD S&P 500 ETF,Cash,0,,USD,693.36,0.649,0,,,,-449.99,06/03/2026
06/03/2026,Roth IRA,X00000002,YOU BOUGHT VANGUARD TOTAL STOCK MARKET ETF (VTI) (Cash),VTI,VANGUARD TOTAL STOCK MARKET ETF,Cash,0,,USD,371.65,1.547,0,,,,-574.94,06/03/2026
06/01/2026,Brokerage,X00000001,Electronic Funds Transfer Received (Cash),,No Description,Cash,0,,USD,,,0,,,,1500,06/01/2026
06/01/2026,Roth IRA,X00000002,Electronic Funds Transfer Received (Cash),,No Description,Cash,0,,USD,,,0,,,,583,06/01/2026
05/21/2026,Brokerage,X00000001,YOU SOLD NVIDIA CORPORATION (NVDA) (Cash),NVDA,NVIDIA CORPORATION,Cash,0,,USD,219.51,-3.4,0,,,,746.33,05/21/2026
05/19/2026,Brokerage,X00000001,YOU BOUGHT NVIDIA CORPORATION (NVDA) (Cash),NVDA,NVIDIA CORPORATION,Cash,0,,USD,220.61,3.4,0,,,,-750.07,05/19/2026
05/14/2026,Brokerage,X00000001,YOU BOUGHT APPLE INC (AAPL) (Cash),AAPL,APPLE INC,Cash,0,,USD,298.21,1.886,0,,,,-562.42,05/14/2026
05/13/2026,Brokerage,X00000001,YOU BOUGHT VANGUARD S&P 500 ETF (VOO) (Cash),VOO,VANGUARD S&P 500 ETF,Cash,0,,USD,682.41,1.649,0,,,,-1125.29,05/13/2026
05/05/2026,Roth IRA,X00000002,YOU BOUGHT VANGUARD TOTAL STOCK MARKET ETF (VTI) (Cash),VTI,VANGUARD TOTAL STOCK MARKET ETF,Cash,0,,USD,356.99,1.611,0,,,,-575.11,05/05/2026
05/01/2026,Brokerage,X00000001,Electronic Funds Transfer Received (Cash),,No Description,Cash,0,,USD,,,0,,,,2500,05/01/2026
05/01/2026,Roth IRA,X00000002,Electronic Funds Transfer Received (Cash),,No Description,Cash,0,,USD,,,0,,,,583,05/01/2026
04/17/2026,Brokerage,X00000001,YOU SOLD MICROSOFT CORP (MSFT) (Cash),MSFT,MICROSOFT CORP,Cash,0,,USD,422.79,-1.439,0,,,,608.39,04/17/2026
04/13/2026,Brokerage,X00000001,YOU BOUGHT MICROSOFT CORP (MSFT) (Cash),MSFT,MICROSOFT CORP,Cash,0,,USD,384.37,2.927,0,,,,-1125.05,04/13/2026
04/13/2026,Brokerage,X00000001,YOU BOUGHT META PLATFORMS INC CLASS A (META) (Cash),META,META PLATFORMS INC CLASS A,Cash,0,,USD,634.53,0.886,0,,,,-562.19,04/13/2026
04/03/2026,Brokerage,X00000001,YOU BOUGHT VANGUARD S&P 500 ETF (VOO) (Cash),VOO,VANGUARD S&P 500 ETF,Cash,0,,USD,605.67,1.238,0,,,,-749.82,04/03/2026
04/03/2026,Roth IRA,X00000002,YOU BOUGHT VANGUARD TOTAL STOCK MARKET ETF (VTI) (Cash),VTI,VANGUARD TOTAL STOCK MARKET ETF,Cash,0,,USD,325.21,1.768,0,,,,-574.97,04/03/2026
04/01/2026,Brokerage,X00000001,Electronic Funds Transfer Received (Cash),,No Description,Cash,0,,USD,,,0,,,,2500,04/01/2026
04/01/2026,Roth IRA,X00000002,Electronic Funds Transfer Received (Cash),,No Description,Cash,0,,USD,,,0,,,,583,04/01/2026
03/26/2026,Brokerage,X00000001,DIVIDEND RECEIVED VANGUARD S&P 500 ETF (VOO) (Cash),VOO,VANGUARD S&P 500 ETF,Cash,0,,USD,,,0,,,,25.92,03/26/2026
03/26/2026,Brokerage,X00000001,DIVIDEND RECEIVED INVESCO NASDAQ 100 ETF (QQQM) (Cash),QQQM,INVESCO NASDAQ 100 ETF,Cash,0,,USD,,,0,,,,4.35,03/26/2026
03/26/2026,Brokerage,X00000001,DIVIDEND RECEIVED EXXON MOBIL CORP (XOM) (Cash),XOM,EXXON MOBIL CORP,Cash,0,,USD,,,0,,,,7.88,03/26/2026
03/23/2026,Brokerage,X00000001,YOU SOLD NVIDIA CORPORATION (NVDA) (Cash),NVDA,NVIDIA CORPORATION,Cash,0,,USD,175.64,-14.687,0,,,,2579.62,03/23/2026
03/04/2026,Brokerage,X00000001,YOU BOUGHT VANGUARD S&P 500 ETF (VOO) (Cash),VOO,VANGUARD S&P 500 ETF,Cash,0,,USD,630.18,1.785,0,,,,-1124.87,03/04/2026
03/04/2026,Roth IRA,X00000002,YOU BOUGHT VANGUARD TOTAL STOCK MARKET ETF (VTI) (Cash),VTI,VANGUARD TOTAL STOCK MARKET ETF,Cash,0,,USD,338.19,1.7,0,,,,-574.92,03/04/2026
03/02/2026,Brokerage,X00000001,Electronic Funds Transfer Received (Cash),,No Description,Cash,0,,USD,,,0,,,,2500,03/02/2026
03/02/2026,Roth IRA,X00000002,Electronic Funds Transfer Received (Cash),,No Description,Cash,0,,USD,,,0,,,,583,03/02/2026
02/04/2026,Brokerage,X00000001,YOU BOUGHT APPLE INC (AAPL) (Cash),AAPL,APPLE INC,Cash,0,,USD,276.49,6.51,0,,,,-1799.95,02/04/2026
02/04/2026,Roth IRA,X00000002,YOU BOUGHT VANGUARD TOTAL STOCK MARKET ETF (VTI) (Cash),VTI,VANGUARD TOTAL STOCK MARKET ETF,Cash,0,,USD,338.25,1.7,0,,,,-575.02,02/04/2026
02/02/2026,Brokerage,X00000001,Electronic Funds Transfer Received (Cash),,No Description,Cash,0,,USD,,,0,,,,4000,02/02/2026
02/02/2026,Roth IRA,X00000002,Electronic Funds Transfer Received (Cash),,No Description,Cash,0,,USD,,,0,,,,583,02/02/2026
01/16/2026,Brokerage,X00000001,YOU BOUGHT BROADCOM INC (AVGO) (Cash),AVGO,BROADCOM INC,Cash,0,,USD,351.71,1.919,0,,,,-674.93,01/16/2026
01/14/2026,Brokerage,X00000001,YOU SOLD ELI LILLY & CO (LLY) (Cash),LLY,ELI LILLY & CO,Cash,0,,USD,1073.29,-0.518,0,,,,555.96,01/14/2026
01/12/2026,Brokerage,X00000001,YOU BOUGHT BROADCOM INC (AVGO) (Cash),AVGO,BROADCOM INC,Cash,0,,USD,352.21,3.833,0,,,,-1350.02,01/12/2026
01/05/2026,Brokerage,X00000001,YOU BOUGHT META PLATFORMS INC CLASS A (META) (Cash),META,META PLATFORMS INC CLASS A,Cash,0,,USD,658.79,1.366,0,,,,-899.91,01/05/2026
01/05/2026,Roth IRA,X00000002,YOU BOUGHT VANGUARD TOTAL STOCK MARKET ETF (VTI) (Cash),VTI,VANGUARD TOTAL STOCK MARKET ETF,Cash,0,,USD,338.84,1.697,0,,,,-575.01,01/05/2026
01/02/2026,Brokerage,X00000001,YOU BOUGHT ALPHABET INC CLASS A (GOOGL) (Cash),GOOGL,ALPHABET INC CLASS A,Cash,0,,USD,315.15,1.713,0,,,,-539.85,01/02/2026
01/01/2026,Brokerage,X00000001,Electronic Funds Transfer Received (Cash),,No Description,Cash,0,,USD,,,0,,,,3000,01/01/2026
01/01/2026,Roth IRA,X00000002,Electronic Funds Transfer Received (Cash),,No Description,Cash,0,,USD,,,0,,,,583,01/01/2026
12/25/2025,Brokerage,X00000001,DIVIDEND RECEIVED VANGUARD S&P 500 ETF (VOO) (Cash),VOO,VANGUARD S&P 500 ETF,Cash,0,,USD,,,0,,,,22.8,12/25/2025
12/25/2025,Brokerage,X00000001,DIVIDEND RECEIVED INVESCO NASDAQ 100 ETF (QQQM) (Cash),QQQM,INVESCO NASDAQ 100 ETF,Cash,0,,USD,,,0,,,,4.35,12/25/2025
12/25/2025,Brokerage,X00000001,DIVIDEND RECEIVED EXXON MOBIL CORP (XOM) (Cash),XOM,EXXON MOBIL CORP,Cash,0,,USD,,,0,,,,7.88,12/25/2025
12/17/2025,Brokerage,X00000001,YOU BOUGHT VANGUARD S&P 500 ETF (VOO) (Cash),VOO,VANGUARD S&P 500 ETF,Cash,0,,USD,617.35,1.093,0,,,,-674.76,12/17/2025
12/15/2025,Brokerage,X00000001,YOU BOUGHT ELI LILLY & CO (LLY) (Cash),LLY,ELI LILLY & CO,Cash,0,,USD,1062.19,1.271,0,,,,-1350.04,12/15/2025
12/09/2025,Brokerage,X00000001,YOU BOUGHT NVIDIA CORPORATION (NVDA) (Cash),NVDA,NVIDIA CORPORATION,Cash,0,,USD,184.97,4.866,0,,,,-900.06,12/09/2025
12/05/2025,Brokerage,X00000001,YOU SOLD JPMORGAN CHASE & CO (JPM) (Cash),JPM,JPMORGAN CHASE & CO,Cash,0,,USD,315.04,-19.745,0,,,,6220.46,12/05/2025
12/03/2025,Roth IRA,X00000002,YOU BOUGHT VANGUARD TOTAL STOCK MARKET ETF (VTI) (Cash),VTI,VANGUARD TOTAL STOCK MARKET ETF,Cash,0,,USD,336.56,1.708,0,,,,-574.84,12/03/2025
12/01/2025,Brokerage,X00000001,Electronic Funds Transfer Received (Cash),,No Description,Cash,0,,USD,,,0,,,,3000,12/01/2025
12/01/2025,Roth IRA,X00000002,Electronic Funds Transfer Received (Cash),,No Description,Cash,0,,USD,,,0,,,,583,12/01/2025
11/18/2025,Brokerage,X00000001,YOU BOUGHT ALPHABET INC CLASS A (GOOGL) (Cash),GOOGL,ALPHABET INC CLASS A,Cash,0,,USD,284.28,1.583,0,,,,-450.02,11/18/2025
11/13/2025,Brokerage,X00000001,YOU SOLD COSTCO WHOLESALE CORP (COST) (Cash),COST,COSTCO WHOLESALE CORP,Cash,0,,USD,925.08,-0.689,0,,,,637.38,11/13/2025
11/07/2025,Brokerage,X00000001,YOU BOUGHT NVIDIA CORPORATION (NVDA) (Cash),NVDA,NVIDIA CORPORATION,Cash,0,,USD,188.15,5.979,0,,,,-1124.95,11/07/2025
11/06/2025,Brokerage,X00000001,YOU BOUGHT ALPHABET INC CLASS A (GOOGL) (Cash),GOOGL,ALPHABET INC CLASS A,Cash,0,,USD,284.75,1.975,0,,,,-562.38,11/06/2025
11/05/2025,Brokerage,X00000001,YOU BOUGHT NVIDIA CORPORATION (NVDA) (Cash),NVDA,NVIDIA CORPORATION,Cash,0,,USD,195.21,3.842,0,,,,-750.0,11/05/2025
11/05/2025,Roth IRA,X00000002,YOU BOUGHT VANGUARD TOTAL STOCK MARKET ETF (VTI) (Cash),VTI,VANGUARD TOTAL STOCK MARKET ETF,Cash,0,,USD,333.16,1.726,0,,,,-575.03,11/05/2025
11/03/2025,Brokerage,X00000001,Electronic Funds Transfer Received (Cash),,No Description,Cash,0,,USD,,,0,,,,2500,11/03/2025
11/03/2025,Roth IRA,X00000002,Electronic Funds Transfer Received (Cash),,No Description,Cash,0,,USD,,,0,,,,583,11/03/2025
10/10/2025,Brokerage,X00000001,YOU BOUGHT JPMORGAN CHASE & CO (JPM) (Cash),JPM,JPMORGAN CHASE & CO,Cash,0,,USD,300.89,2.991,0,,,,-899.96,10/10/2025
10/10/2025,Brokerage,X00000001,YOU BOUGHT VANGUARD S&P 500 ETF (VOO) (Cash),VOO,VANGUARD S&P 500 ETF,Cash,0,,USD,600.51,0.599,0,,,,-359.71,10/10/2025
10/08/2025,Brokerage,X00000001,YOU BOUGHT INVESCO NASDAQ 100 ETF (QQQM) (Cash),QQQM,INVESCO NASDAQ 100 ETF,Cash,0,,USD,251.71,2.384,0,,,,-600.08,10/08/2025
10/06/2025,Brokerage,X00000001,YOU BOUGHT VANGUARD S&P 500 ETF (VOO) (Cash),VOO,VANGUARD S&P 500 ETF,Cash,0,,USD,617.4,0.729,0,,,,-450.08,10/06/2025
10/03/2025,Roth IRA,X00000002,YOU BOUGHT VANGUARD TOTAL STOCK MARKET ETF (VTI) (Cash),VTI,VANGUARD TOTAL STOCK MARKET ETF,Cash,0,,USD,329.97,1.743,0,,,,-575.14,10/03/2025
10/01/2025,Brokerage,X00000001,Electronic Funds Transfer Received (Cash),,No Description,Cash,0,,USD,,,0,,,,2000,10/01/2025
10/01/2025,Roth IRA,X00000002,Electronic Funds Transfer Received (Cash),,No Description,Cash,0,,USD,,,0,,,,583,10/01/2025
09/25/2025,Brokerage,X00000001,DIVIDEND RECEIVED VANGUARD S&P 500 ETF (VOO) (Cash),VOO,VANGUARD S&P 500 ETF,Cash,0,,USD,,,0,,,,18.56,09/25/2025
09/25/2025,Brokerage,X00000001,DIVIDEND RECEIVED INVESCO NASDAQ 100 ETF (QQQM) (Cash),QQQM,INVESCO NASDAQ 100 ETF,Cash,0,,USD,,,0,,,,3.63,09/25/2025
09/25/2025,Brokerage,X00000001,DIVIDEND RECEIVED JPMORGAN CHASE & CO (JPM) (Cash),JPM,JPMORGAN CHASE & CO,Cash,0,,USD,,,0,,,,20.94,09/25/2025
09/25/2025,Brokerage,X00000001,DIVIDEND RECEIVED EXXON MOBIL CORP (XOM) (Cash),XOM,EXXON MOBIL CORP,Cash,0,,USD,,,0,,,,7.88,09/25/2025
09/17/2025,Brokerage,X00000001,YOU BOUGHT ALPHABET INC CLASS A (GOOGL) (Cash),GOOGL,ALPHABET INC CLASS A,Cash,0,,USD,249.53,4.508,0,,,,-1124.88,09/17/2025
09/10/2025,Brokerage,X00000001,YOU BOUGHT BROADCOM INC (AVGO) (Cash),AVGO,BROADCOM INC,Cash,0,,USD,369.57,2.029,0,,,,-749.86,09/10/2025
09/03/2025,Roth IRA,X00000002,YOU BOUGHT VANGUARD TOTAL STOCK MARKET ETF (VTI) (Cash),VTI,VANGUARD TOTAL STOCK MARKET ETF,Cash,0,,USD,317.33,1.812,0,,,,-575.0,09/03/2025
09/01/2025,Brokerage,X00000001,Electronic Funds Transfer Received (Cash),,No Description,Cash,0,,USD,,,0,,,,2500,09/01/2025
09/01/2025,Roth IRA,X00000002,Electronic Funds Transfer Received (Cash),,No Description,Cash,0,,USD,,,0,,,,583,09/01/2025
08/18/2025,Brokerage,X00000001,YOU BOUGHT COSTCO WHOLESALE CORP (COST) (Cash),COST,COSTCO WHOLESALE CORP,Cash,0,,USD,979.35,1.378,0,,,,-1349.54,08/18/2025
08/12/2025,Brokerage,X00000001,YOU BOUGHT INVESCO NASDAQ 100 ETF (QQQM) (Cash),QQQM,INVESCO NASDAQ 100 ETF,Cash,0,,USD,238.78,7.538,0,,,,-1799.92,08/12/2025
08/11/2025,Brokerage,X00000001,YOU SOLD EXXON MOBIL CORP (XOM) (Cash),XOM,EXXON MOBIL CORP,Cash,0,,USD,105.83,-2.766,0,,,,292.73,08/11/2025
08/08/2025,Brokerage,X00000001,YOU BOUGHT VANGUARD S&P 500 ETF (VOO) (Cash),VOO,VANGUARD S&P 500 ETF,Cash,0,,USD,585.74,4.61,0,,,,-2700.26,08/08/2025
08/05/2025,Roth IRA,X00000002,YOU BOUGHT VANGUARD TOTAL STOCK MARKET ETF (VTI) (Cash),VTI,VANGUARD TOTAL STOCK MARKET ETF,Cash,0,,USD,309.16,1.86,0,,,,-575.04,08/05/2025
08/04/2025,Brokerage,X00000001,YOU BOUGHT META PLATFORMS INC CLASS A (META) (Cash),META,META PLATFORMS INC CLASS A,Cash,0,,USD,776.37,1.391,0,,,,-1079.93,08/04/2025
08/01/2025,Brokerage,X00000001,Electronic Funds Transfer Received (Cash),,No Description,Cash,0,,USD,,,0,,,,6000,08/01/2025
08/01/2025,Roth IRA,X00000002,Electronic Funds Transfer Received (Cash),,No Description,Cash,0,,USD,,,0,,,,583,08/01/2025
07/03/2025,Roth IRA,X00000002,YOU BOUGHT VANGUARD TOTAL STOCK MARKET ETF (VTI) (Cash),VTI,VANGUARD TOTAL STOCK MARKET ETF,Cash,0,,USD,308.03,1.867,0,,,,-575.09,07/03/2025
07/02/2025,Brokerage,X00000001,YOU BOUGHT VANGUARD S&P 500 ETF (VOO) (Cash),VOO,VANGUARD S&P 500 ETF,Cash,0,,USD,570.29,4.734,0,,,,-2699.75,07/02/2025
07/01/2025,Brokerage,X00000001,Electronic Funds Transfer Received (Cash),,No Description,Cash,0,,USD,,,0,,,,6000,07/01/2025
07/01/2025,Roth IRA,X00000002,Electronic Funds Transfer Received (Cash),,No Description,Cash,0,,USD,,,0,,,,583,07/01/2025
06/26/2025,Brokerage,X00000001,DIVIDEND RECEIVED VANGUARD S&P 500 ETF (VOO) (Cash),VOO,VANGUARD S&P 500 ETF,Cash,0,,USD,,,0,,,,2.21,06/26/2025
06/26/2025,Brokerage,X00000001,DIVIDEND RECEIVED INVESCO NASDAQ 100 ETF (QQQM) (Cash),QQQM,INVESCO NASDAQ 100 ETF,Cash,0,,USD,,,0,,,,1.37,06/26/2025
06/26/2025,Brokerage,X00000001,DIVIDEND RECEIVED JPMORGAN CHASE & CO (JPM) (Cash),JPM,JPMORGAN CHASE & CO,Cash,0,,USD,,,0,,,,20.94,06/26/2025
06/26/2025,Brokerage,X00000001,DIVIDEND RECEIVED EXXON MOBIL CORP (XOM) (Cash),XOM,EXXON MOBIL CORP,Cash,0,,USD,,,0,,,,10.51,06/26/2025
06/20/2025,Brokerage,X00000001,YOU BOUGHT MICROSOFT CORP (MSFT) (Cash),MSFT,MICROSOFT CORP,Cash,0,,USD,477.4,2.828,0,,,,-1350.09,06/20/2025
06/04/2025,Roth IRA,X00000002,YOU BOUGHT VANGUARD TOTAL STOCK MARKET ETF (VTI) (Cash),VTI,VANGUARD TOTAL STOCK MARKET ETF,Cash,0,,USD,293.34,1.96,0,,,,-574.95,06/04/2025
06/02/2025,Brokerage,X00000001,Electronic Funds Transfer Received (Cash),,No Description,Cash,0,,USD,,,0,,,,3000,06/02/2025
06/02/2025,Roth IRA,X00000002,Electronic Funds Transfer Received (Cash),,No Description,Cash,0,,USD,,,0,,,,583,06/02/2025
05/21/2025,Brokerage,X00000001,YOU SOLD ELI LILLY & CO (LLY) (Cash),LLY,ELI LILLY & CO,Cash,0,,USD,724.95,-0.803,0,,,,582.13,05/21/2025
05/05/2025,Roth IRA,X00000002,YOU BOUGHT VANGUARD TOTAL STOCK MARKET ETF (VTI) (Cash),VTI,VANGUARD TOTAL STOCK MARKET ETF,Cash,0,,USD,277.22,2.074,0,,,,-574.95,05/05/2025
05/01/2025,Roth IRA,X00000002,Electronic Funds Transfer Received (Cash),,No Description,Cash,0,,USD,,,0,,,,583,05/01/2025
04/18/2025,Brokerage,X00000001,YOU BOUGHT JPMORGAN CHASE & CO (JPM) (Cash),JPM,JPMORGAN CHASE & CO,Cash,0,,USD,228.99,11.791,0,,,,-2700.02,04/18/2025
04/03/2025,Roth IRA,X00000002,YOU BOUGHT VANGUARD TOTAL STOCK MARKET ETF (VTI) (Cash),VTI,VANGUARD TOTAL STOCK MARKET ETF,Cash,0,,USD,263.96,2.178,0,,,,-574.9,04/03/2025
04/01/2025,Brokerage,X00000001,Electronic Funds Transfer Received (Cash),,No Description,Cash,0,,USD,,,0,,,,6000,04/01/2025
04/01/2025,Roth IRA,X00000002,Electronic Funds Transfer Received (Cash),,No Description,Cash,0,,USD,,,0,,,,583,04/01/2025
03/27/2025,Brokerage,X00000001,DIVIDEND RECEIVED VANGUARD S&P 500 ETF (VOO) (Cash),VOO,VANGUARD S&P 500 ETF,Cash,0,,USD,,,0,,,,2.21,03/27/2025
03/27/2025,Brokerage,X00000001,DIVIDEND RECEIVED INVESCO NASDAQ 100 ETF (QQQM) (Cash),QQQM,INVESCO NASDAQ 100 ETF,Cash,0,,USD,,,0,,,,1.37,03/27/2025
03/27/2025,Brokerage,X00000001,DIVIDEND RECEIVED JPMORGAN CHASE & CO (JPM) (Cash),JPM,JPMORGAN CHASE & CO,Cash,0,,USD,,,0,,,,6.2,03/27/2025
03/27/2025,Brokerage,X00000001,DIVIDEND RECEIVED EXXON MOBIL CORP (XOM) (Cash),XOM,EXXON MOBIL CORP,Cash,0,,USD,,,0,,,,10.51,03/27/2025
03/20/2025,Brokerage,X00000001,YOU SOLD BROADCOM INC (AVGO) (Cash),AVGO,BROADCOM INC,Cash,0,,USD,190.54,-1.726,0,,,,328.87,03/20/2025
03/14/2025,Brokerage,X00000001,YOU BOUGHT BROADCOM INC (AVGO) (Cash),AVGO,BROADCOM INC,Cash,0,,USD,195.54,3.452,0,,,,-675.0,03/14/2025
03/05/2025,Roth IRA,X00000002,YOU BOUGHT VANGUARD TOTAL STOCK MARKET ETF (VTI) (Cash),VTI,VANGUARD TOTAL STOCK MARKET ETF,Cash,0,,USD,287.35,2.001,0,,,,-574.99,03/05/2025
03/03/2025,Brokerage,X00000001,Electronic Funds Transfer Received (Cash),,No Description,Cash,0,,USD,,,0,,,,1500,03/03/2025
03/03/2025,Roth IRA,X00000002,Electronic Funds Transfer Received (Cash),,No Description,Cash,0,,USD,,,0,,,,583,03/03/2025
02/20/2025,Brokerage,X00000001,YOU SOLD ELI LILLY & CO (LLY) (Cash),LLY,ELI LILLY & CO,Cash,0,,USD,873.12,-1.606,0,,,,1402.23,02/20/2025
02/17/2025,Brokerage,X00000001,YOU BOUGHT AMAZON.COM INC (AMZN) (Cash),AMZN,AMAZON.COM INC,Cash,0,,USD,226.65,3.971,0,,,,-900.03,02/17/2025
02/05/2025,Roth IRA,X00000002,YOU BOUGHT VANGUARD TOTAL STOCK MARKET ETF (VTI) (Cash),VTI,VANGUARD TOTAL STOCK MARKET ETF,Cash,0,,USD,299.95,1.917,0,,,,-575.0,02/05/2025
02/03/2025,Brokerage,X00000001,Electronic Funds Transfer Received (Cash),,No Description,Cash,0,,USD,,,0,,,,2000,02/03/2025
02/03/2025,Roth IRA,X00000002,Electronic Funds Transfer Received (Cash),,No Description,Cash,0,,USD,,,0,,,,583,02/03/2025
01/17/2025,Brokerage,X00000001,YOU SOLD JPMORGAN CHASE & CO (JPM) (Cash),JPM,JPMORGAN CHASE & CO,Cash,0,,USD,259.16,-1.655,0,,,,428.91,01/17/2025
01/16/2025,Brokerage,X00000001,YOU BOUGHT JPMORGAN CHASE & CO (JPM) (Cash),JPM,JPMORGAN CHASE & CO,Cash,0,,USD,254.27,3.54,0,,,,-900.12,01/16/2025
01/15/2025,Brokerage,X00000001,YOU BOUGHT INVESCO NASDAQ 100 ETF (QQQM) (Cash),QQQM,INVESCO NASDAQ 100 ETF,Cash,0,,USD,212.66,1.693,0,,,,-360.03,01/15/2025
01/10/2025,Brokerage,X00000001,YOU BOUGHT INVESCO NASDAQ 100 ETF (QQQM) (Cash),QQQM,INVESCO NASDAQ 100 ETF,Cash,0,,USD,208.85,2.873,0,,,,-600.03,01/10/2025
01/09/2025,Brokerage,X00000001,YOU BOUGHT META PLATFORMS INC CLASS A (META) (Cash),META,META PLATFORMS INC CLASS A,Cash,0,,USD,615.86,0.731,0,,,,-450.19,01/09/2025
01/03/2025,Roth IRA,X00000002,YOU BOUGHT VANGUARD TOTAL STOCK MARKET ETF (VTI) (Cash),VTI,VANGUARD TOTAL STOCK MARKET ETF,Cash,0,,USD,293.06,1.962,0,,,,-574.98,01/03/2025
01/01/2025,Brokerage,X00000001,Electronic Funds Transfer Received (Cash),,No Description,Cash,0,,USD,,,0,,,,2000,01/01/2025
01/01/2025,Roth IRA,X00000002,Electronic Funds Transfer Received (Cash),,No Description,Cash,0,,USD,,,0,,,,583,01/01/2025
12/26/2024,Brokerage,X00000001,DIVIDEND RECEIVED VANGUARD S&P 500 ETF (VOO) (Cash),VOO,VANGUARD S&P 500 ETF,Cash,0,,USD,,,0,,,,2.21,12/26/2024
12/26/2024,Brokerage,X00000001,DIVIDEND RECEIVED JPMORGAN CHASE & CO (JPM) (Cash),JPM,JPMORGAN CHASE & CO,Cash,0,,USD,,,0,,,,3.85,12/26/2024
12/26/2024,Brokerage,X00000001,DIVIDEND RECEIVED EXXON MOBIL CORP (XOM) (Cash),XOM,EXXON MOBIL CORP,Cash,0,,USD,,,0,,,,10.51,12/26/2024
12/16/2024,Brokerage,X00000001,YOU BOUGHT EXXON MOBIL CORP (XOM) (Cash),XOM,EXXON MOBIL CORP,Cash,0,,USD,108.47,11.063,0,,,,-1200.0,12/16/2024
12/10/2024,Brokerage,X00000001,YOU SOLD MICROSOFT CORP (MSFT) (Cash),MSFT,MICROSOFT CORP,Cash,0,,USD,443.33,-1.079,0,,,,478.35,12/10/2024
12/04/2024,Brokerage,X00000001,YOU BOUGHT ELI LILLY & CO (LLY) (Cash),LLY,ELI LILLY & CO,Cash,0,,USD,829.84,2.169,0,,,,-1799.92,12/04/2024
12/04/2024,Roth IRA,X00000002,YOU BOUGHT VANGUARD TOTAL STOCK MARKET ETF (VTI) (Cash),VTI,VANGUARD TOTAL STOCK MARKET ETF,Cash,0,,USD,302.45,1.901,0,,,,-574.96,12/04/2024
12/02/2024,Brokerage,X00000001,Electronic Funds Transfer Received (Cash),,No Description,Cash,0,,USD,,,0,,,,4000,12/02/2024
12/02/2024,Roth IRA,X00000002,Electronic Funds Transfer Received (Cash),,No Description,Cash,0,,USD,,,0,,,,583,12/02/2024
11/12/2024,Brokerage,X00000001,YOU SOLD ELI LILLY & CO (LLY) (Cash),LLY,ELI LILLY & CO,Cash,0,,USD,818.86,-0.347,0,,,,284.14,11/12/2024
11/05/2024,Roth IRA,X00000002,YOU BOUGHT VANGUARD TOTAL STOCK MARKET ETF (VTI) (Cash),VTI,VANGUARD TOTAL STOCK MARKET ETF,Cash,0,,USD,285.3,2.015,0,,,,-574.88,11/05/2024
11/01/2024,Roth IRA,X00000002,Electronic Funds Transfer Received (Cash),,No Description,Cash,0,,USD,,,0,,,,583,11/01/2024
10/15/2024,Brokerage,X00000001,YOU BOUGHT ELI LILLY & CO (LLY) (Cash),LLY,ELI LILLY & CO,Cash,0,,USD,913.32,0.985,0,,,,-899.62,10/15/2024
10/15/2024,Brokerage,X00000001,YOU SOLD APPLE INC (AAPL) (Cash),AAPL,APPLE INC,Cash,0,,USD,233.85,-5.007,0,,,,1170.89,10/15/2024
10/03/2024,Roth IRA,X00000002,YOU BOUGHT VANGUARD TOTAL STOCK MARKET ETF (VTI) (Cash),VTI,VANGUARD TOTAL STOCK MARKET ETF,Cash,0,,USD,280.04,2.053,0,,,,-574.92,10/03/2024
10/01/2024,Brokerage,X00000001,Electronic Funds Transfer Received (Cash),,No Description,Cash,0,,USD,,,0,,,,2000,10/01/2024
10/01/2024,Roth IRA,X00000002,Electronic Funds Transfer Received (Cash),,No Description,Cash,0,,USD,,,0,,,,583,10/01/2024
09/26/2024,Brokerage,X00000001,DIVIDEND RECEIVED VANGUARD S&P 500 ETF (VOO) (Cash),VOO,VANGUARD S&P 500 ETF,Cash,0,,USD,,,0,,,,2.21,09/26/2024
09/26/2024,Brokerage,X00000001,DIVIDEND RECEIVED JPMORGAN CHASE & CO (JPM) (Cash),JPM,JPMORGAN CHASE & CO,Cash,0,,USD,,,0,,,,3.85,09/26/2024
09/11/2024,Brokerage,X00000001,YOU BOUGHT APPLE INC (AAPL) (Cash),AAPL,APPLE INC,Cash,0,,USD,222.66,2.021,0,,,,-450.0,09/11/2024
09/04/2024,Brokerage,X00000001,YOU BOUGHT JPMORGAN CHASE & CO (JPM) (Cash),JPM,JPMORGAN CHASE & CO,Cash,0,,USD,219.33,3.078,0,,,,-675.1,09/04/2024
09/04/2024,Roth IRA,X00000002,YOU BOUGHT VANGUARD TOTAL STOCK MARKET ETF (VTI) (Cash),VTI,VANGUARD TOTAL STOCK MARKET ETF,Cash,0,,USD,271.78,2.116,0,,,,-575.09,09/04/2024
09/02/2024,Brokerage,X00000001,Electronic Funds Transfer Received (Cash),,No Description,Cash,0,,USD,,,0,,,,1500,09/02/2024
09/02/2024,Roth IRA,X00000002,Electronic Funds Transfer Received (Cash),,No Description,Cash,0,,USD,,,0,,,,583,09/02/2024
08/16/2024,Brokerage,X00000001,YOU BOUGHT APPLE INC (AAPL) (Cash),AAPL,APPLE INC,Cash,0,,USD,226.05,3.981,0,,,,-899.91,08/16/2024
08/14/2024,Brokerage,X00000001,YOU BOUGHT MICROSOFT CORP (MSFT) (Cash),MSFT,MICROSOFT CORP,Cash,0,,USD,416.86,1.079,0,,,,-449.79,08/14/2024
08/14/2024,Brokerage,X00000001,YOU SOLD APPLE INC (AAPL) (Cash),AAPL,APPLE INC,Cash,0,,USD,221.72,-0.995,0,,,,220.61,08/14/2024
08/09/2024,Brokerage,X00000001,YOU BOUGHT ELI LILLY & CO (LLY) (Cash),LLY,ELI LILLY & CO,Cash,0,,USD,891.68,0.404,0,,,,-360.24,08/09/2024
08/05/2024,Brokerage,X00000001,YOU BOUGHT VANGUARD S&P 500 ETF (VOO) (Cash),VOO,VANGUARD S&P 500 ETF,Cash,0,,USD,475.2,1.263,0,,,,-600.18,08/05/2024
08/05/2024,Roth IRA,X00000002,YOU BOUGHT VANGUARD TOTAL STOCK MARKET ETF (VTI) (Cash),VTI,VANGUARD TOTAL STOCK MARKET ETF,Cash,0,,USD,255.18,2.253,0,,,,-574.92,08/05/2024
08/01/2024,Brokerage,X00000001,Electronic Funds Transfer Received (Cash),,No Description,Cash,0,,USD,,,0,,,,2000,08/01/2024
08/01/2024,Roth IRA,X00000002,Electronic Funds Transfer Received (Cash),,No Description,Cash,0,,USD,,,0,,,,583,08/01/2024
